{"MSE": 0.07335084676742554, "MAE": 0.20213061571121216}
